Cleaned_SMILES,pdb_id,ligand_id
C[C@H](c1cccc(c2ccc(CN[C@H]3COCC3)s2)c1)NC(=O)c1c(C)ccc(c1)NC1CNC1,7LOS,7LOS
c1(C(=O)N(C)C)c(cncc1)NC(=O)c1c(Nc2cncnc2)ccc(C2CC2)n1,5SJS,5SJS
c1(CCc2c(C(F)(F)F)cc3n(c(c(C)n3)C)n2)n(C)nc(n1)N1CCCC1,5SGN,5SGN
c12c(c3-c(c[nH]c(c3CC)C(=O)OC)n2)cc(c(c1)OC)OC,8DD3,8DD3
C1(=N[C@H]2C(=NC=C(C)N2N1)C)CC[C@@H]1N=C(N2C[C@@H](CC2)F)NN1C,5SH9,5SH9
N1(CCC[C@H](C1)N1C(=O)[C@@H](CCC1)Nc1ccccc1)c1c2CC=Nc2ncn1,7N4S,7N4S
NCCc1[nH]cnc1,7DFL,7DFL
C1N(CCC1)C1=N[C@@H](CCc2c(C)nc3c(cccc3)n2)N(N1)C,5SEB,5SEB
c1cc(cc(c1)n1c2c(cc(cc2)O[C@H](c2ccc3c(c2)OCCO3)[C@H](C)NC(=O)C(C)(F)F)cn1)C(=O)N[C@@H]1CCOC1,7PRX,7PRX
NCCC1=CN=C2C1=CC(=CC2)C(=O)N,7X5H,7X5H
c1(ccc(nc1C(=O)Nc1cc(c2ncccc2)nn1CCN(C)C)C1CC1)Nc1cncnc1,5SF4,5SF4
Oc1cc(ccc1O)[C@@H](O)CN,7EJ0,7EJ0
c1cc2c(c(C)c1)nc(CS[C@@H]1CC[C@H](CC1)O)[nH]c2=O,6WE3,6WE3
C(CC1=NC2=C(C=N[C@@H](C)N2N1)C)c1nc(N2CCCC2=O)cn1C,5SJG,5SJG
C1(=NN2C(=CC=C3C2=CC=CC3)N1)CCc1nc(nn1C)N1CCCC1,5SG1,5SG1
C([C@@H]1N=C(N2CCCC2)NN1C)CC1=NC2=C(C)N=C[C@@H](C)N2N1,5SG6,5SG6
c1c(ccc(c1)Cl)NC(=O)Nc1c(=O)n(c2ccccc2)n(c1C(C)C)C,7T6S,7T6S
C1(=N[C@@H](CCc2nn3c(c(c(C)nc3C)C)n2)N(N1)C)N1CCCC1,5SEF,5SEF
C1[C@@H](CC[C@@H](O)C1)SCc1nc2cc(cc(c2c(=O)[nH]1)F)OCC1CC1,6WE2,6WE2
c1cc(C#Cc2n(cc(c3ccccc3)n2)C)nn2c1nc(c2CO)C,5SFF,5SFF
c1(ccccc1C#N)c1cn(c2cnccc2)c(=O)c(c2cc(cc(c2)OCC2CC2)Cl)c1,7L14,7L14
c1(cc2c(n(c([C@H](C)COC)n2)[C@H](C)[C@@H]2CC[C@@H](C)CC2)c(c2cc(cnc2)Cl)n1)c1noc(=O)[nH]1,7NA3,7NA3
c1cc(CCc2n(C)nc(n2)N2CCCC2)nn2c1nc(c2C)C(F)(F)F,5SIB,5SIB
c1(c(cc(c(c1)c1ncnc2c1ccc(c2)N1CCOCC1)F)Cl)[C@@H](c1ccc(nn1)OC)O,7OTY,7OTY
CC(C)[C@]12[C@H]([C@H]3[C@]4([C@]5(CC[C@H]6[C@H]([C@@H]5C[C@H]5[C@]4([C@@H]1O)O5)COC6=O)C)O3)O2,7MU5,7MU5
C(Cc1nn2c(c(C)ncc2C)n1)c1n(cc(c2ccccc2)n1)C,5SIJ,5SIJ
c1(=O)c(cc(cn1c1cccnc1)[C@@H]1C(=O)NC(=O)N=C1)c1cc(cc(c1)Cl)OCc1c(C)scn1,7N44,7N44
c1cccnc1N1[C@H](CCNC(=O)c2c(cnn2C)C(=O)N2CCC2)N=C(c2ccccc2)N1,5SF8,5SF8
[N@]1(CC[C@H](c2ccc([C@H]3C=CN=[C](=N3)Nc3cnn(C)c3)cc2C1)NC(=O)c1nnn(c1)C(C)(C)C)C1COC1,7LTZ,7LTZ
c1(CCC2=NC3=C(C)N=C[C@@H](C)N3N2)n(C)nc(n1)N1[C@H](CCC1)C,5SFI,5SFI
c1(ccc(C2CC2)nc1C(=O)Nc1c(C(=O)NC)n(CCOC)nc1)Nc1cncnc1,5SEW,5SEW
c1(C)n2nc(CCc3n(C)nc(n3)N3CCCC3)cc(C(=O)NC)c2nc1C,5SFB,5SFB
[C@H]1([C@H]([C@@H]([C@@H](CO)O[C@H]1c1ccc(c(Cc2ccc(cc2)O[C@@H]2COCC2)c1)Cl)O)O)O,7VSI,7VSI
COc1cncc(c1n1c(=O)n(C)c2c1c1cc(c3cn(C)nc3C)c(cc1nc2)OC)F,7NI4,7NI4
C([C@@H]([C@@H](C)[C@@H]1[C@@H](C[C@@](/C=C/C=C(\C)/[C@H]2OC(=O)C[C@H](O)CC[C@@]([C@H](/C=C/[C@@H]2C)OC(=O)C)(C)O)(C)O)O1)O)C,7B91,7B91
C1CCCN1CCOc1ccc(cc1)N[C]1=[N]=C(C(=CN=1)C)Nc1cc(ccc1)S(=O)(=O)NC(C)(C)C,6VNE,6VNE
N(=[N]=N)c1cc2C(=O)N(Cc3c(C(=O)OCC)ncn3-c2cc1)C,7QNE,7QNE
c1c2c(c(c(c1)N[C]1=NC=CN=1)Br)nccn2,7EJ8,7EJ8
c1c(cc(c(=O)n1c1cnccc1)c1cc(cc(c1)Cl)OCCC(F)(F)F)c1c(=O)[nH]c(=O)[nH]c1,7M91,7M91
Cc1cccc2c(c3cc(C(F)(F)F)ccc3F)nn(CC3=NNN(C)N3)c12,7RJE,7RJE
CC1=C2N([C@H](C)C=N1)N=C(N2)CCc1n(C)nc(n1)N1C[C@H](CC1)C,5SFS,5SFS
CC(=O)N1[C@H](c2ccc(cc2C1)S(=O)(=O)C)C(=O)Nc1ccc(C(C(F)(F)F)(O)C(F)(F)F)cc1,7OFK,7OFK
C1N(C2=N[C@@H](CCc3nn4c(c(C)nc(c4C)C)n3)N(N2)C)CCC1,5SEQ,5SEQ
C1(=NC2=C(C)N=C[C@@H](C)N2N1)CCC1=N[C@H](N2CCCC2)N(C)N1,5SFT,5SFT
C1[C@](c2c(ccc(c2)F)F)(CC[C@H](C1)NS(=O)(=O)C(F)(F)F)S(=O)(=O)c1ccc(cc1)Cl,7Y5T,7Y5T
C1c2c(cccc2)[C@@H](C(=O)N(C)C1)NC(=O)[C@H](C)NC(=O)[C@H](C(C)C)O,6LR4,6LR4
c1ccc(c(c1)C(=O)O)/C=N/N(c1nc(cs1)c1c(cccc1)Cl)C,6M2B,6M2B
c1(CCC2=N[C@H]3C(=NC=C(C)N3N2)C)n(nc(n1)N1CCCCC1)C,5SFD,5SFD
CCc1c(C#N)c(N(CCNC)C)nc(c1C#N)SCc1ccc(cc1)N(C)S(=O)(=O)C,6X9J,6X9J
Oc1ccc2[nH]cc(c2c1)CCN,7XTB,7XTB
C[C@@H](NC(=O)c1c(C)ccc(NC2CNC2)c1)c1cccc(c2ccc(CN[C@@H]3CC[C@@H](C3)O)s2)c1,7LLF,7LLF
N1=C(NC2=C(N=C(NC2=C1N1CCCCC1)N(CCO)CCO)N1CCCCC1)N(CCO)CCO,7DMC,7DMC
c1(ccccc1)c1cn(c(CCc2ccc3ccccc3n2)n1)C,5SE2,5SE2
c1(nc(nc(c1)C)/C=C/c1ccc2c(n1)cccc2)N1CCCC1,5SG9,5SG9
N(c1ncc(cn1)C(=O)N1CCC2(CCOCC2)C1)Cc1cnccn1,7SLV,7SLV
C1N(CCC1)C1=N[C@@H](N(N1)C)CCc1nn2c(c(n1)NC(C)C)nc(c2C)C,5SF6,5SF6
N([C@@H](c1cccc(c2ccc(CNC(=O)C)s2)c1)C)C(=O)c1c(C)ccc(c1)NC1CNC1,7LLZ,7LLZ
c1(C(F)(F)F)c(nccc1)Oc1ccc(c(C)c1)c1c(c(=O)[nH]c(=O)n1C)C,7X2D,7X2D
CC1=C2N([C@@H](C)C=N1)N=C(N2)CCc1n(C)nc(n1)N1C[C@H](CC1)C(F)F,5SHA,5SHA
C1[C@@H](CCCN1c1cnc(C(=O)N)c(Nc2ccc(cc2)C2CCNCC2)n1)n1ccn(C)c1=O,8EJB,8EJB
c1(C2CC2)ccc(c(n1)C(=O)Nc1cnccc1C(=O)N1CCCC1)Nc1cncnc1,5SFU,5SFU
C1N(CCN(S(=O)(=O)CCCN(C)C)C1)c1cc(NC(=O)c2coc(N)n2)c(Br)cc1,7ALE,7ALE
C(CCCCC[C@H]1C(=O)C[C@H]([C@@H]1CC[C@@H](O)CCCCC)O)C(=O)O,7CX2,7CX2
c12cc(c(cc1OCO2)N(C)C)Sc1nc2c(ccnc2N)n1CCNCC(C)(C)C,6LR9,6LR9
c1(ccc(nc1C(=O)Nc1cc(c2ncccc2)nn1CCO)C1CC1)Nc1cncnc1,5SE0,5SE0
O=C(Cn1c2ccccc2nn1)N(Cc1cscc1)c1ccc(c2cnc[nH]2)cc1,7LMF,7LMF
c1c(nc(C(=O)Nc2c(C(=O)NC)n(C)nc2)c(Nc2cncnc2)n1)C1CC1,5SE5,5SE5
c12c(ccc(c1)O)OC[C@@H]1[C@@H]2OCCN1CCC,7CMV,7CMV
c1cc2c(nc(CCNC(=O)c3c(cnn3C)C(=O)N3CCC3)n2C)cc1,5SFN,5SFN
[C@@]1(CCN(CC1)C(=O)[C@@H](Cc1ccc(cc1)Cl)NC(=O)[C@H]1Cc2c(CN1)cccc2)(C1CCCCC1)Cn1cncn1,7F58,7F58
CCc1c(C#N)c(N2CC[C@H](CC2)N)nc(c1C#N)S[C@H](c1ccc(C(F)(F)F)cc1)C(=O)N,7SFF,7SFF
c1(cc(c(cc1)O)OC)CNC(=O)CCCCCCC(C)C,7LR0,7LR0
Cc1cc(c(c(c1Cc1ncc[nH]1)C)O)C(C)(C)C,7EJK,7EJK
N[C@@H](COP(=O)(O)O)C(=O)O,7E9H,7E9H
CCc1c(C#N)c(N2CCCN(CC2)C)nc(c1C#N)SCc1ccc(CNC(=O)CN)cc1,7SFC,7SFC
C1(=CC=C2N(C1)NC(=N2)CC[C@@H]1N=C(NN1C)N1CCCC1)Cl,5SEJ,5SEJ
COc1cc(ccc1O)CC(=O)OCC1=C[C@@H]2[C@]3([C@H]4[C@@](C1)(O)C(=O)C(=C4)C)O[C@]1(O[C@](C[C@H]3C)(C(C)C)[C@@H]2O1)Cc1ccccc1,7LQZ,7LQZ
C1(=N[C@H]2C(=NC=C(C)N2N1)C)CC[C@H]1N=C(N(C)C2CC2)NN1C,5SFH,5SFH
C1(=N[C@@H](C)N2C(=C1Cl)NC(=N2)CC[C@@H]1N=C(NN1C)N1CCCC1)C,5SHT,5SHT
C(c1c(C)n2nc(CCc3n(cc(c4ccccc4)n3)C)ccc2n1)(F)(F)F,5SEM,5SEM
N1(C(=O)c2c(C1=O)cccc2)CCc1n(c(=O)c2c(n1)cccc2)c1ccc(cc1)OC,5SGT,5SGT
C[C@@H](NC(=O)c1c(C)ccc(NC2CNC2)c1)c1cccc(c2ccc(CN[C@H]3CC[C@@H](O)C3)s2)c1,7LBR,7LBR
C[C@H]1CC[C@@H](CC1)[C@@H](C)n1c2c(cc(nc2c2cc(cnc2)Cl)c2nc(=O)o[nH]2)nc1[C@H](OCC)C1CC1,7NA4,7NA4
c1(ccc2c(c1)CC[C@@H]1[C@]2(CC[C@H]1NC(=O)C(O)(C)C)S(=O)(=O)c1ccc(cc1)F)C(F)(C(F)(F)F)C(F)(F)F,7KQJ,7KQJ
c1(cc(ccc1c1c2c(n(n1)[C@@H]1CCCN(C1)C(=O)/C(=C/C(C)(C)N1CC[N@@](CC1)C1COC1)/C#N)ncnc2N)Oc1ccccc1)F,7L5O,7L5O
c1(cc(CN(c2ccc(C3=CN=NC3)cc2)C(=O)Cc2cccnc2)ccc1)Cl,7TEK,7TEK
N(c1ncc(cn1)C(=O)N1CCC[C@@H](C#N)C1)C1(CC1)c1cncnc1,7SLX,7SLX
C[C@@H](NC(=O)c1c(C)ccc(NC2CNC2)c1)c1cc(c2ccc(CN3CCCC3)s2)ccc1,7LBS,7LBS
n1c(C(=O)NCC(O)(C)C)c(cn1C)NC(=O)c1nc(C2CC2)ccc1Nc1cncnc1,5SKV,5SKV
c1ccc2c(c1OC)cc(C(=O)N[C@H](C(=O)N[C@@H](C[C@@H]1CCN[C@@H]1O)[C@@H](c1nc3c(cccc3)s1)O)CC(C)C)[nH]2,7YGQ,7YGQ
C1CC(=O)C[C@H]2CC[C@@H]3[C@H]([C@@]12C)CC[C@]1([C@H]3CC[C@H]1[C@@H](C)CCCC(C)C)C,7SMZ,7SMZ
P(=O)(OC[C@](CCc1ccc(CCCCCCCC)cc1)(CO)N)(O)O,7EW2,7EW2
N(C(=O)c1ccncc1NC(=O)c1nc(ccc1Nc1cncnc1)C1CC1)CC(O)(C)C,5SJL,5SJL
c1(ccc(nc1C(=O)Nc1cc(c2ncccc2)nn1C)C1CC1)Nc1cncnc1,5SET,5SET
c1(c(cccn1)OC(F)F)Oc1ccc(c(c1)C)c1c(c(=O)[nH]c(=O)n1C)C,7CKY,7CKY
c12c(CC[C@@H](C1)NCCC)nc(N)s2,7CMU,7CMU
Cc1n2nc(ccc2nc1C(F)F)C#Cc1n(cc(c2ccccc2)n1)C,5SF1,5SF1
c1ccc(c2c1CC[NH](CCCC(=O)O)CC2)OCCc1cccc2ccccc12,7YXA,7YXA
c1cccc2c1cn(c2)C(=O)[C@@H](N)CC(=O)N1CCN(CC1)C(c1ccc(cc1)F)c1ccc(cc1)F,6TRX,6TRX
Cc1n2nc(OCc3n(cc(c4ccccc4)n3)C)ccc2nc1C,5SE9,5SE9
N(c1ncc(cn1)C(=O)N1CCC2(CCOCC2)C1)[C@@H](C)c1cnccn1,7SLY,7SLY
c1(ccc(C2CC2)nc1C(=O)Nc1c(nn(C)c1)C(=O)N(C)C)Nc1cncnc1,5SE1,5SE1
C1[C@@H](CC[C@@H](O)C1)SCc1nc2cc(cc(c2c(=O)[nH]1)F)NC1CCCC1,7LUN,7LUN
c1c(c2c(C#N)cccc2)cc(c(=O)n1c1cnccc1)c1cc(cc(OCCC)c1)Cl,7L11,7L11
C1=CC=C2C(=CC(=N2)C(=O)N[C@H](C(=O)N[C@H](C(=O)COP(=O)(O)O)C[C@H]2C(=O)NCC2)CC(C)C)[C@@H]1OC,7VVP,7VVP
C1=N[C@@H](CC)N2C(=C1C)N=C(CCc1n(C)nc(n1)N1CCCC1)N2,5SFW,5SFW
c1(CC(=O)Nc2cncc3ccccc23)cccc(c1)Cl,7S3S,7S3S
[nH]1c(=O)c(c2cc(c(=O)n(c2)c2cccnc2)c2cc(cc(c2)OCCC)Cl)c[nH]c1=O,7M8M,7M8M
c1cc2c(cc1c1cn(nc1c1ccncc1)CCO)CC[C@@H]2NO,7SHV,7SHV
C1[C@H](COS(O)(O)N)[C@H]([C@H]([C@@H]1NC1=NCN=C[C@H]1C(=O)c1cc([C@@](c2cccc(Br)n2)(O)C)cs1)O)O,6XOG,6XOG
c1cc([C@H]2CNCCc3c(c(c(cc23)O)O)Cl)ccc1O,7X2C,7X2C
c1(=O)[nH]c(=O)c(c2cn(c3cccnc3)c(=O)c(c3cc(c(c(c3)Cl)F)OCc3c(cccc3)Cl)c2)c[nH]1,7M8P,7M8P
N1=N[C@H]2C=CC=C(c3cc(OC)c(c(c3)C=O)OCC(=O)N(C)C)C2=C1,7LTN,7LTN
c1(c(cncc1)NC(=O)c1c(ccc(C2CC2)n1)Nc1cncnc1)C(=O)NC,5SHD,5SHD
,7SFD,7SFD
c1(cc(CCc2n(C)nc(n2)N2CCCC2)nn2c1nc(c2C)C)S(=O)(=O)C,5SH3,5SH3
N1(C[C@H](N(CC1)C(=O)[C@@H](CC1CCCCC1)NC1CCCCC1)C(=O)NCc1sccc1)C1=N[C@@H]([C@H](c2ccccc2)O1)C,6X0T,6X0T
c12c(cc(cc2F)NC2CCCC2)[nH]c(CSC2CCNCC2)nc1=O,7L9Y,7L9Y
O=C([C@H]1CN(C)[C@H]2C(=C1)C1=C3C(=NC(=C3C2)Br)C=CC1)N[C@@]1(O[C@@]2(N(C1=O)[C@@H](CC(C)C)C(=O)N1CCC[C@@H]21)O)C(C)C,7JVR,7JVR
C1(=O)C(=CC(=O)c2c1c(ccc2O)O)[C@@H](CC=C(C)C)O,7CA8,7CA8
C(OP(=O)(O)O)[C@H](N)[C@H](O)/C=C/C/C=C/C/C=C/CCCCCCC,7T6B,7T6B
c1(cc2c(n(c(n2)N2CCO[C@@H]3CCC[C@@H]23)C[C@@H]2CC[C@@H](C)CC2)c(c2cc(cnc2)Cl)n1)c1noc(=O)[nH]1,7NA2,7NA2
c1c(C)cn2c(c1)nc(c1ccc(C)cc1)c2CC(=O)N(C)C,8DD2,8DD2
c1c(nc(C(=O)Nc2c(C(=O)NCC(O)(C)C)n(C)nc2)c(Nc2cncnc2)n1)C1CC1,5SFL,5SFL
c1(n(ncc1NC(=O)c1nc([C@@H]2COCC2)cnc1Nc1cncnc1)C)C(=O)NC,5SKK,5SKK
C1Oc2c(O1)cc1[C@H]([C@H]3C(=O)OC[C@@H]3[C@H](O[C@@H]3O[C@@H]4CO[C@H](O[C@H]4[C@H](O)[C@H]3O)C)c1c2)c1cc(OC)c(O)c(OC)c1,6ZY5,6ZY5
C1(=NN=C(C1)NC1=[N]=[C](=[N]=C2[C@H]1C=NN2)N[C@H](C1CCCCC1)CO)C(C)C,8DOF,8DOF
c1(CC(=O)Nc2cncc3ccccc23)c(ccc(c1)Cl)OC,7S3K,7S3K
C(=O)([C@@H](c1ccccc1)Sc1c(c(CC)c(c(n1)N1CC[C@@H](CC1)N)C#N)C#N)N,6X9K,6X9K
c1cc(ccc1)c1ccc(cc1)N(C(=O)CCl)[C@H](c1cccnc1)C(=O)N[C@@H](C)c1ccccc1,7RN1,7RN1
c1cc(ccc1NC(=O)C[C@@H](C(=O)O)N)Oc1cc(c(cc1Br)F)F,7XR6,7XR6
C1CCCC1[C@@H](CC#N)n1cc(cn1)c1ncnc2c1CC=N2,6WTN,6WTN
c1c(c(C(=O)Nc2c(nn(c2)C)C(=O)N(C[C@@H](CO)O)C)nc(C2CC2)c1)Nc1cncnc1,5SDZ,5SDZ
C(OP(=O)(O)O)[C@H](N)[C@H](O)/C=C\CCCCCCCCCCCCC,7EW3,7EW3
C(C1=N[C@H]2C(=CN=C(C)N2N1)C)C[C@@H]1N=C(N2[C@H](CCC2)C(F)(F)F)NN1C,5SGX,5SGX
CN1CCN(CC1)c1ccc2nc(c3c(N)c4c(cccc4[nH]c3=O)F)[nH]c2c1,7QQ6,7QQ6
